{
  "level": [
    {
      "speed": 1,
      "amount": 15,
      "typesToCollect": [
        "orange",
        "red"
      ],
      "task": "Collect at least 15 light red and orange objects!"
    },
    {
      "speed": 1.2,
      "amount": 30,
      "typesToCollect": [
        "green"
      ],
      "task": "Now you have to collect 30 green objects!"
    },
    {
      "speed": 1.4,
      "amount": 50,
      "typesToCollect": [
        "blue"
      ],
      "task": "Finally collect 50 blue objects!"
    }
  ]
}